TARGET_CLASS,configuration_id,criterion,ctg_min_time_per_job,ctg_schedule,search_budget,p_object_pool,ctg_time_per_class,Size,Length,Total_Time,Random_Seed,LineCoverage,LineCoverageBitString,BranchCoverage,BranchCoverageBitString,ExceptionCoverage,ExceptionCoverageBitString,Explicit_MethodExceptions,Explicit_TypeExceptions,Implicit_MethodExceptions,Implicit_TypeExceptions,WeakMutationScore,WeakMutationCoverageBitString,OutputCoverage,OutputCoverageBitString,MethodCoverage,MethodCoverageBitString,MethodNoExceptionCoverage,MethodNoExceptionCoverageBitString,CBranchCoverage,CBranchCoverageBitString
Veiculo,default,LINE;BRANCH;EXCEPTION;WEAKMUTATION;OUTPUT;METHOD;METHODNOEXCEPTION;CBRANCH,1,BUDGET,37,0.3,1,91,1235,53461,1575373650087,1.0,11111111111111111111111111111111111111111111111111111111111111111111111111111111111111111111111111111111111111,0.984375,1111111111111111111111111111111111111111111111111111111111011111,1.0,1111111111111,3,2,10,2,0.9638009049773756,11111111111111111111111111111111111111111111101011111111111111111111010111111111111111111111111111111111111111111111111111111111111111111111111111111110111011101111111111111110111111111111111111111111111111111111111111111,0.8734177215189873,1111111111111111101111111111111111011011111111111111111111111100101100111101011,1.0,111111111111111111111111111111111111,1.0,111111111111111111111111111111111111,0.984375,1111111111111111111111111111111111111111111111111111111111101111
